conca	FREQ	MUT_9mer	Mutant_AA_Position_in_9mer	LEGACY_MUTATION_ID	Peptide	HLA	Sequence_ID	Affinity_nM	Interpretation
H3-3A_p.Gly35Arg	0.00508905852417	RVKKPHRYR	1	COSM327929	RVKKPHRYR	HLA-A*03:01	H3-3A_ENST00000366815_pos1_chr1_226064454_G>A	122.38212441530628	Weak binder
H3-3A_p.Gly35Arg	0.00508905852417	RVKKPHRYR	1	COSM327929	RVKKPHRYR	HLA-A*68:01	H3-3A_ENST00000366815_pos1_chr1_226064454_G>A	459.3138049599204	Weak binder
H3-3A_p.Gly35Arg	0.00508905852417	GRVKKPHRY	2	COSM327929	GRVKKPHRY	HLA-B*27:05	H3-3A_ENST00000366815_pos2_chr1_226064454_G>A	59.81936650201554	Weak binder
H3-3A_p.Gly35Arg	0.00508905852417	SAPSTGRVK	7	COSM327929	SAPSTGRVK	HLA-B*27:05	H3-3A_ENST00000366815_pos7_chr1_226064454_G>A	424.15325038388704	Weak binder
H3-3A_p.Gly35Arg	0.00508905852417	SAPSTGRVK	7	COSM327929	SAPSTGRVK	HLA-A*68:01	H3-3A_ENST00000366815_pos7_chr1_226064454_G>A	495.3940572520016	Weak binder
H3-3A_p.Gly35Arg	0.00508905852417	KSAPSTGRV	8	COSM327929	KSAPSTGRV	HLA-B*58:01	H3-3A_ENST00000366815_pos8_chr1_226064454_G>A	465.09605199290377	Weak binder
H3-3A_p.Gly35Arg	0.00508905852417	RKSAPSTGR	9	COSM327929	RKSAPSTGR	HLA-B*27:05	H3-3A_ENST00000366815_pos9_chr1_226064454_G>A	188.6729579409507	Weak binder
PIK3CA_p.Met1043Val	0.00508905852417	VNDAHHGGW	1	COSM12591	VNDAHHGGW	HLA-B*58:01	PIK3CA_ENST00000263967_pos1_chr3_179234284_A>G	318.14705112915027	Weak binder
PIK3CA_p.Met1043Val	0.00508905852417	FMKQVNDAH	5	COSM12591	FMKQVNDAH	HLA-B*15:01	PIK3CA_ENST00000263967_pos5_chr3_179234284_A>G	242.88652072310697	Weak binder
PIK3CA_p.Met1043Val	0.00508905852417	ALEYFMKQV	9	COSM12591	ALEYFMKQV	HLA-A*02:01	PIK3CA_ENST00000263967_pos9_chr3_179234284_A>G	168.29830447876796	Weak binder
PDGFRA_p.Glu229Lys	0.00508905852417	KTIVVTCAV	1	COSM3409357	KTIVVTCAV	HLA-A*02:01	PDGFRA_ENST00000257290_pos1_chr4_54264975_G>A	73.83505200762579	Weak binder
PDGFRA_p.Glu229Lys	0.00508905852417	VYKSGKTIV	6	COSM3409357	VYKSGKTIV	HLA-A*24:02	PDGFRA_ENST00000257290_pos6_chr4_54264975_G>A	268.1552266520763	Weak binder
PDGFRA_p.Leu655Phe	0.00508905852417	PHFNIVNLL	3	COSM3409362	PHFNIVNLL	HLA-B*39:01	PDGFRA_ENST00000257290_pos3_chr4_54277969_G>C	199.6519999140127	Weak binder
PDGFRA_p.Leu655Phe	0.00508905852417	GPHFNIVNL	4	COSM3409362	GPHFNIVNL	HLA-B*07:02	PDGFRA_ENST00000257290_pos4_chr4_54277969_G>C	46.53961900944334	Strong binder
PDGFRA_p.Leu655Phe	0.00508905852417	GPHFNIVNL	4	COSM3409362	GPHFNIVNL	HLA-B*08:01	PDGFRA_ENST00000257290_pos4_chr4_54277969_G>C	286.2080934521406	Weak binder
PDGFRA_p.Leu655Phe	0.00508905852417	HLGPHFNIV	6	COSM3409362	HLGPHFNIV	HLA-A*02:01	PDGFRA_ENST00000257290_pos6_chr4_54277969_G>C	37.64709339470595	Strong binder
PDGFRA_p.Leu655Phe	0.00508905852417	THLGPHFNI	7	COSM3409362	THLGPHFNI	HLA-B*39:01	PDGFRA_ENST00000257290_pos7_chr4_54277969_G>C	69.39824367499659	Weak binder
PDGFRA_p.Leu655Phe	0.00508905852417	IMTHLGPHF	9	COSM3409362	IMTHLGPHF	HLA-A*24:02	PDGFRA_ENST00000257290_pos9_chr4_54277969_G>C	79.32848349035677	Weak binder
PDGFRA_p.Leu655Phe	0.00508905852417	IMTHLGPHF	9	COSM3409362	IMTHLGPHF	HLA-B*15:01	PDGFRA_ENST00000257290_pos9_chr4_54277969_G>C	49.83659023418549	Strong binder
PIK3R1_p.Gly376Arg	0.0127226463104	RNNKLIKIF	1	COSM1438284	RNNKLIKIF	HLA-B*27:05	PIK3R1_ENST00000521381_pos1_chr5_68293310_G>A	330.6085542017958	Weak binder
PIK3R1_p.Gly376Arg	0.0127226463104	GRNNKLIKI	2	COSM1438284	GRNNKLIKI	HLA-B*27:05	PIK3R1_ENST00000521381_pos2_chr5_68293310_G>A	64.1244855056077	Weak binder
PIK3R1_p.Gly376Arg	0.0127226463104	KGRNNKLIK	3	COSM1438284	KGRNNKLIK	HLA-B*27:05	PIK3R1_ENST00000521381_pos3_chr5_68293310_G>A	309.4155808928616	Weak binder
PIK3R1_p.Gly376Arg	0.0127226463104	LRKGRNNKL	5	COSM1438284	LRKGRNNKL	HLA-B*08:01	PIK3R1_ENST00000521381_pos5_chr5_68293310_G>A	304.59934875903343	Weak binder
PIK3R1_p.Gly376Arg	0.0127226463104	LRKGRNNKL	5	COSM1438284	LRKGRNNKL	HLA-B*27:05	PIK3R1_ENST00000521381_pos5_chr5_68293310_G>A	106.96504290221245	Weak binder
PIK3R1_p.Gly376Arg	0.0127226463104	TLRKGRNNK	6	COSM1438284	TLRKGRNNK	HLA-A*03:01	PIK3R1_ENST00000521381_pos6_chr5_68293310_G>A	117.337654760796	Weak binder
PIK3R1_p.Gly376Arg	0.0127226463104	YTLTLRKGR	9	COSM1438284	YTLTLRKGR	HLA-A*68:01	PIK3R1_ENST00000521381_pos9_chr5_68293310_G>A	48.16093379232992	Strong binder
PIK3R1_p.Lys379Asn	0.00508905852417	NNLIKIFHR	2	COSM3410369	NNLIKIFHR	HLA-A*68:01	PIK3R1_ENST00000521381_pos2_chr5_68293321_A>T	123.893991022753	Weak binder
PIK3R1_p.Lys379Asn	0.00508905852417	GGNNNLIKI	5	COSM3410369	GGNNNLIKI	HLA-B*27:05	PIK3R1_ENST00000521381_pos5_chr5_68293321_A>T	369.46584665225225	Weak binder
PIK3R1_p.Lys379Asn	0.00508905852417	KGGNNNLIK	6	COSM3410369	KGGNNNLIK	HLA-B*27:05	PIK3R1_ENST00000521381_pos6_chr5_68293321_A>T	431.0949011632808	Weak binder
PIK3R1_p.Lys379Asn	0.00508905852417	LRKGGNNNL	8	COSM3410369	LRKGGNNNL	HLA-B*27:05	PIK3R1_ENST00000521381_pos8_chr5_68293321_A>T	100.0376798160888	Weak binder
EGFR_p.Gly63Arg	0.00508905852417	LRNLEITYV	2	COSM6951164	LRNLEITYV	HLA-B*27:05	EGFR_ENST00000275493_pos2_chr7_55142384_G>A	152.97361175475123	Weak binder
EGFR_p.Gly63Arg	0.00508905852417	VLRNLEITY	3	COSM6951164	VLRNLEITY	HLA-A*03:01	EGFR_ENST00000275493_pos3_chr7_55142384_G>A	363.8138261460847	Weak binder
EGFR_p.Gly63Arg	0.00508905852417	VLRNLEITY	3	COSM6951164	VLRNLEITY	HLA-B*15:01	EGFR_ENST00000275493_pos3_chr7_55142384_G>A	37.79030743093351	Strong binder
EGFR_p.Gly63Arg	0.00508905852417	EVVLRNLEI	5	COSM6951164	EVVLRNLEI	HLA-A*26:01	EGFR_ENST00000275493_pos5_chr7_55142384_G>A	352.8229018261799	Weak binder
EGFR_p.Gly63Arg	0.00508905852417	EVVLRNLEI	5	COSM6951164	EVVLRNLEI	HLA-B*08:01	EGFR_ENST00000275493_pos5_chr7_55142384_G>A	110.20577587926394	Weak binder
EGFR_p.Gly63Arg	0.00508905852417	FNNCEVVLR	9	COSM6951164	FNNCEVVLR	HLA-A*68:01	EGFR_ENST00000275493_pos9_chr7_55142384_G>A	109.45155799240644	Weak binder
EGFR_p.Arg108Lys	0.0101781170483	QIIKGNMYY	4	COSM4970170	QIIKGNMYY	HLA-A*01:01	EGFR_ENST00000275493_pos4_chr7_55143387_G>A	312.32356982139515	Weak binder
EGFR_p.Arg108Lys	0.0101781170483	QIIKGNMYY	4	COSM4970170	QIIKGNMYY	HLA-A*03:01	EGFR_ENST00000275493_pos4_chr7_55143387_G>A	367.8577807331434	Weak binder
EGFR_p.Arg108Lys	0.0101781170483	QIIKGNMYY	4	COSM4970170	QIIKGNMYY	HLA-A*26:01	EGFR_ENST00000275493_pos4_chr7_55143387_G>A	99.87412246486971	Weak binder
EGFR_p.Arg108Lys	0.0101781170483	QIIKGNMYY	4	COSM4970170	QIIKGNMYY	HLA-B*15:01	EGFR_ENST00000275493_pos4_chr7_55143387_G>A	72.43269518296748	Weak binder
EGFR_p.Arg108Lys	0.0101781170483	LQIIKGNMY	5	COSM4970170	LQIIKGNMY	HLA-B*15:01	EGFR_ENST00000275493_pos5_chr7_55143387_G>A	45.42710930154392	Strong binder
EGFR_p.Arg252Cys	0.00763358778626	ESDCLVCCK	8	COSM1559807	ESDCLVCCK	HLA-A*68:01	EGFR_ENST00000275493_pos8_chr7_55154017_C>T	168.398899578911	Weak binder
EGFR_p.Arg252Cys	0.00763358778626	RESDCLVCC	9	COSM1559807	RESDCLVCC	HLA-B*40:01	EGFR_ENST00000275493_pos9_chr7_55154017_C>T	136.35382504815507	Weak binder
EGFR_p.Thr263Pro	0.00763358778626	TCKDPCPPL	5	COSM6919374	TCKDPCPPL	HLA-B*07:02	EGFR_ENST00000275493_pos5_chr7_55154050_A>C	389.223853754945	Weak binder
EGFR_p.Tyr270Cys	0.00508905852417	LMLCNPTTY	4	COSM7484095	LMLCNPTTY	HLA-B*15:01	EGFR_ENST00000275493_pos4_chr7_55154072_A>G	28.32758402652333	Strong binder
EGFR_p.Ala289Asp	0.0101781170483	DTCVKKCPR	1	COSM21685	DTCVKKCPR	HLA-A*68:01	EGFR_ENST00000275493_pos1_chr7_55154129_C>A	43.44565360984695	Strong binder
EGFR_p.Ala289Asp	0.0101781170483	YSFGDTCVK	5	COSM21685	YSFGDTCVK	HLA-A*03:01	EGFR_ENST00000275493_pos5_chr7_55154129_C>A	111.46863362321736	Weak binder
EGFR_p.Ala289Asp	0.0101781170483	YSFGDTCVK	5	COSM21685	YSFGDTCVK	HLA-A*68:01	EGFR_ENST00000275493_pos5_chr7_55154129_C>A	43.43740294665572	Strong binder
EGFR_p.His304Tyr	0.00508905852417	VTDYGSCVR	4	COSM2149971	VTDYGSCVR	HLA-A*68:01	EGFR_ENST00000275493_pos4_chr7_55155850_C>T	84.37400784520428	Weak binder
EGFR_p.Thr363Ile	0.00508905852417	ISISGDLHI	1	COSM2155593	ISISGDLHI	HLA-B*58:01	EGFR_ENST00000275493_pos1_chr7_55156614_C>T	171.96053899634194	Weak binder
EGFR_p.Thr363Ile	0.00508905852417	KHFKNCISI	7	COSM2155593	KHFKNCISI	HLA-B*39:01	EGFR_ENST00000275493_pos7_chr7_55156614_C>T	86.21260337479427	Weak binder
EGFR_p.Thr363Ile	0.00508905852417	NIKHFKNCI	9	COSM2155593	NIKHFKNCI	HLA-B*08:01	EGFR_ENST00000275493_pos9_chr7_55156614_C>T	314.4527776817827	Weak binder
GRM3_p.Arg183Cys	0.00508905852417	CYDYFARTV	1	COSM218933	CYDYFARTV	HLA-A*24:02	GRM3_ENST00000361669_pos1_chr7_86786339_C>T	297.53138381844	Weak binder
GRM3_p.Arg183Cys	0.00508905852417	KSCYDYFAR	3	COSM218933	KSCYDYFAR	HLA-A*68:01	GRM3_ENST00000361669_pos3_chr7_86786339_C>T	93.8487285216626	Weak binder
GRM3_p.Arg183Cys	0.00508905852417	LSDKSCYDY	6	COSM218933	LSDKSCYDY	HLA-A*01:01	GRM3_ENST00000361669_pos6_chr7_86786339_C>T	38.49862344428141	Strong binder
JAK2_p.Arg564Gln	0.00508905852417	GVQREVGDY	3	COSM29104	GVQREVGDY	HLA-B*15:01	JAK2_ENST00000381652_pos3_chr9_5072541_G>A	361.17101555213634	Weak binder
ATRX_p.Arg1803His	0.00508905852417	KHAHILYEM	2	COSM1716715	KHAHILYEM	HLA-B*39:01	ATRX_ENST00000373344_pos2_chrX_77618846_C>T	80.86926116743894	Weak binder
ATRX_p.Arg1803His	0.00508905852417	MKKHAHILY	4	COSM1716715	MKKHAHILY	HLA-B*15:01	ATRX_ENST00000373344_pos4_chrX_77618846_C>T	153.84376440166594	Weak binder
ATRX_p.Arg1803His	0.00508905852417	VMKKHAHIL	5	COSM1716715	VMKKHAHIL	HLA-B*07:02	ATRX_ENST00000373344_pos5_chrX_77618846_C>T	369.0765845790944	Weak binder
ATRX_p.Arg1803His	0.00508905852417	VMKKHAHIL	5	COSM1716715	VMKKHAHIL	HLA-B*08:01	ATRX_ENST00000373344_pos5_chrX_77618846_C>T	35.9247840862692	Strong binder
ATRX_p.Arg1803His	0.00508905852417	VMKKHAHIL	5	COSM1716715	VMKKHAHIL	HLA-B*15:01	ATRX_ENST00000373344_pos5_chrX_77618846_C>T	125.12237224141406	Weak binder
ATRX_p.Arg1803His	0.00508905852417	RVMKKHAHI	6	COSM1716715	RVMKKHAHI	HLA-B*08:01	ATRX_ENST00000373344_pos6_chrX_77618846_C>T	134.41491232992632	Weak binder
ATRX_p.Arg1803His	0.00508905852417	VRVMKKHAH	7	COSM1716715	VRVMKKHAH	HLA-B*27:05	ATRX_ENST00000373344_pos7_chrX_77618846_C>T	291.6901885050249	Weak binder
DCAF12L2_p.Pro334Leu	0.00508905852417	LRQRQQNIR	1	COSM385381	LRQRQQNIR	HLA-B*27:05	DCAF12L2_ENST00000360028_pos1_chrX_126164924_G>A	138.37813897068528	Weak binder
DCAF12L2_p.Pro334Leu	0.00508905852417	DLRQRQQNI	2	COSM385381	DLRQRQQNI	HLA-B*08:01	DCAF12L2_ENST00000360028_pos2_chrX_126164924_G>A	55.56044779883555	Weak binder
DCAF12L2_p.Pro334Leu	0.00508905852417	DLRQRQQNI	2	COSM385381	DLRQRQQNI	HLA-B*27:05	DCAF12L2_ENST00000360028_pos2_chrX_126164924_G>A	382.0790149861393	Weak binder
DCAF12L2_p.Pro334Leu	0.00508905852417	VSFLDLRQR	6	COSM385381	VSFLDLRQR	HLA-A*68:01	DCAF12L2_ENST00000360028_pos6_chrX_126164924_G>A	65.78342472552377	Weak binder
DCAF12L2_p.Arg246His	0.00508905852417	HPRDVEAIP	1	COSM1315186	HPRDVEAIP	HLA-B*07:02	DCAF12L2_ENST00000360028_pos1_chrX_126165188_C>T	186.1326392574656	Weak binder
DCAF12L2_p.Arg246His	0.00508905852417	IHPRDVEAI	2	COSM1315186	IHPRDVEAI	HLA-B*39:01	DCAF12L2_ENST00000360028_pos2_chrX_126165188_C>T	174.71526366501553	Weak binder
DCAF12L2_p.Arg246His	0.00508905852417	HIHPRDVEA	3	COSM1315186	HIHPRDVEA	HLA-B*08:01	DCAF12L2_ENST00000360028_pos3_chrX_126165188_C>T	239.2229579926011	Weak binder
DCAF12L2_p.Arg246His	0.00508905852417	PVYAHIHPR	7	COSM1315186	PVYAHIHPR	HLA-A*68:01	DCAF12L2_ENST00000360028_pos7_chrX_126165188_C>T	41.43286745330875	Strong binder
FLNA_p.Val1240Met	0.00508905852417	PMPNFPSKL	2	COSM3406147	PMPNFPSKL	HLA-A*24:02	FLNA_ENST00000369850_pos2_chrX_154360077_C>T	297.5653966128411	Weak binder
FLNA_p.Val1240Met	0.00508905852417	QPMPNFPSK	3	COSM3406147	QPMPNFPSK	HLA-B*07:02	FLNA_ENST00000369850_pos3_chrX_154360077_C>T	296.9740326133949	Weak binder
FLNA_p.Val1240Met	0.00508905852417	QPMPNFPSK	3	COSM3406147	QPMPNFPSK	HLA-A*68:01	FLNA_ENST00000369850_pos3_chrX_154360077_C>T	180.07335891600363	Weak binder
FLNA_p.Val1240Met	0.00508905852417	TIKYGGQPM	9	COSM3406147	TIKYGGQPM	HLA-B*07:02	FLNA_ENST00000369850_pos9_chrX_154360077_C>T	293.52524779258664	Weak binder
FLNA_p.Val1240Met	0.00508905852417	TIKYGGQPM	9	COSM3406147	TIKYGGQPM	HLA-B*15:01	FLNA_ENST00000369850_pos9_chrX_154360077_C>T	211.57037547999303	Weak binder
PTEN_p.Gly36Arg	0.00508905852417	MRFPAERLE	2	COSM5135	MRFPAERLE	HLA-B*27:05	PTEN_ENST00000371953_pos2_chr10_87894051_G>A	382.4233872430648	Weak binder
PTEN_p.Gly36Arg	0.00508905852417	AMRFPAERL	3	COSM5135	AMRFPAERL	HLA-B*15:01	PTEN_ENST00000371953_pos3_chr10_87894051_G>A	473.86485169459934	Weak binder
PTEN_p.Gly36Arg	0.00508905852417	IAMRFPAER	4	COSM5135	IAMRFPAER	HLA-A*68:01	PTEN_ENST00000371953_pos4_chr10_87894051_G>A	36.12656695236652	Strong binder
PTEN_p.Gly36Arg	0.00508905852417	YPNIIAMRF	8	COSM5135	YPNIIAMRF	HLA-B*07:02	PTEN_ENST00000371953_pos8_chr10_87894051_G>A	99.17173932503418	Weak binder
PTEN_p.Ser170Asn	0.00508905852417	NQRRYVYYY	1	COSM5045	NQRRYVYYY	HLA-B*15:01	PTEN_ENST00000371953_pos1_chr10_87952134_G>A	67.84602468976958	Weak binder
PTEN_p.Ser170Asn	0.00508905852417	IPNQRRYVY	3	COSM5045	IPNQRRYVY	HLA-B*07:02	PTEN_ENST00000371953_pos3_chr10_87952134_G>A	215.0541966244305	Weak binder
PTEN_p.Ser170Asn	0.00508905852417	VTIPNQRRY	5	COSM5045	VTIPNQRRY	HLA-A*01:01	PTEN_ENST00000371953_pos5_chr10_87952134_G>A	154.2417891986202	Weak binder
PTEN_p.Ser170Asn	0.00508905852417	VTIPNQRRY	5	COSM5045	VTIPNQRRY	HLA-B*58:01	PTEN_ENST00000371953_pos5_chr10_87952134_G>A	97.94883944506203	Weak binder
PTEN_p.Ser170Asn	0.00508905852417	VTIPNQRRY	5	COSM5045	VTIPNQRRY	HLA-B*15:01	PTEN_ENST00000371953_pos5_chr10_87952134_G>A	297.0005882203702	Weak binder
PTEN_p.Ser170Asn	0.00508905852417	GVTIPNQRR	6	COSM5045	GVTIPNQRR	HLA-A*68:01	PTEN_ENST00000371953_pos6_chr10_87952134_G>A	81.40692115781208	Weak binder
PTEN_p.Ser170Asn	0.00508905852417	KGVTIPNQR	7	COSM5045	KGVTIPNQR	HLA-A*68:01	PTEN_ENST00000371953_pos7_chr10_87952134_G>A	248.93136350855752	Weak binder
RABEP1_p.Thr279Met	0.00508905852417	MWQKANDQF	1	COSM7296694	MWQKANDQF	HLA-A*24:02	RABEP1_ENST00000537505_pos1_chr17_5350502_C>T	56.769262716312085	Weak binder
RABEP1_p.Thr279Met	0.00508905852417	NQLKHMWQK	6	COSM7296694	NQLKHMWQK	HLA-A*03:01	RABEP1_ENST00000537505_pos6_chr17_5350502_C>T	95.1042442225628	Weak binder
RABEP1_p.Thr279Met	0.00508905852417	NQLKHMWQK	6	COSM7296694	NQLKHMWQK	HLA-B*27:05	RABEP1_ENST00000537505_pos6_chr17_5350502_C>T	160.45774268650248	Weak binder
RABEP1_p.Thr279Met	0.00508905852417	NQLKHMWQK	6	COSM7296694	NQLKHMWQK	HLA-A*68:01	RABEP1_ENST00000537505_pos6_chr17_5350502_C>T	203.538986582348	Weak binder
RABEP1_p.Thr279Met	0.00508905852417	QQHNQLKHM	9	COSM7296694	QQHNQLKHM	HLA-B*15:01	RABEP1_ENST00000537505_pos9_chr17_5350502_C>T	108.49608276249374	Weak binder
TP53_p.Asp281Ala	0.00508905852417	ARRTEEENL	1	COSM4781979	ARRTEEENL	HLA-B*27:05	TP53_ENST00000269305_pos1_chr17_7673778_T>G	80.92466174327755	Weak binder
TP53_p.Asp281Ala	0.00508905852417	CACPGRARR	7	COSM4781979	CACPGRARR	HLA-A*68:01	TP53_ENST00000269305_pos7_chr17_7673778_T>G	82.96409978334027	Weak binder
TP53_p.Asp281His	0.00508905852417	HRRTEEENL	1	COSM10943	HRRTEEENL	HLA-B*27:05	TP53_ENST00000269305_pos1_chr17_7673779_C>G	89.4168897556188	Weak binder
TP53_p.Asp281His	0.00508905852417	HRRTEEENL	1	COSM10943	HRRTEEENL	HLA-B*39:01	TP53_ENST00000269305_pos1_chr17_7673779_C>G	251.61771884441464	Weak binder
TP53_p.Asp281His	0.00508905852417	CACPGRHRR	7	COSM10943	CACPGRHRR	HLA-A*68:01	TP53_ENST00000269305_pos7_chr17_7673779_C>G	82.36129519223906	Weak binder
TP53_p.Cys275Tyr	0.00763358778626	YACPGRDRR	1	COSM3403255	YACPGRDRR	HLA-A*68:01	TP53_ENST00000269305_pos1_chr17_7673796_C>T	70.6502875375738	Weak binder
TP53_p.Cys275Tyr	0.00763358778626	VRVYACPGR	4	COSM3403255	VRVYACPGR	HLA-B*27:05	TP53_ENST00000269305_pos4_chr17_7673796_C>T	200.90574864783216	Weak binder
TP53_p.Cys275Tyr	0.00763358778626	RNSFEVRVY	9	COSM3403255	RNSFEVRVY	HLA-B*15:01	TP53_ENST00000269305_pos9_chr17_7673796_C>T	363.4761437905745	Weak binder
TP53_p.Cys238Phe	0.00508905852417	NYMFNSSCM	4	COSM99626	NYMFNSSCM	HLA-A*24:02	TP53_ENST00000269305_pos4_chr17_7674250_C>A	201.8615750995021	Weak binder
TP53_p.Cys238Phe	0.00508905852417	TTIHYNYMF	9	COSM99626	TTIHYNYMF	HLA-A*24:02	TP53_ENST00000269305_pos9_chr17_7674250_C>A	213.0512127975341	Weak binder
TP53_p.Cys238Phe	0.00508905852417	TTIHYNYMF	9	COSM99626	TTIHYNYMF	HLA-B*58:01	TP53_ENST00000269305_pos9_chr17_7674250_C>A	65.94141991763944	Weak binder
TP53_p.His179Arg	0.00763358778626	RRCPHRERC	6	COSM10889	RRCPHRERC	HLA-B*27:05	TP53_ENST00000269305_pos6_chr17_7675076_T>C	163.99972113911136	Weak binder
TP53_p.His179Arg	0.00763358778626	VRRCPHRER	7	COSM10889	VRRCPHRER	HLA-B*27:05	TP53_ENST00000269305_pos7_chr17_7675076_T>C	243.5927452784865	Weak binder
TP53_p.His179Arg	0.00763358778626	EVVRRCPHR	9	COSM10889	EVVRRCPHR	HLA-A*68:01	TP53_ENST00000269305_pos9_chr17_7675076_T>C	34.72488735104852	Strong binder
TP53_p.Thr155Asn	0.00508905852417	NRVRAMAIY	1	COSM11218	NRVRAMAIY	HLA-B*27:05	TP53_ENST00000269305_pos1_chr17_7675148_G>T	99.8676720392664	Weak binder
TP53_p.Thr155Asn	0.00508905852417	GNRVRAMAI	2	COSM11218	GNRVRAMAI	HLA-B*08:01	TP53_ENST00000269305_pos2_chr17_7675148_G>T	169.18201371460304	Weak binder
TP53_p.Thr155Asn	0.00508905852417	PPGNRVRAM	4	COSM11218	PPGNRVRAM	HLA-B*07:02	TP53_ENST00000269305_pos4_chr17_7675148_G>T	123.64950975704492	Weak binder
TP53_p.Thr155Asn	0.00508905852417	PPGNRVRAM	4	COSM11218	PPGNRVRAM	HLA-B*08:01	TP53_ENST00000269305_pos4_chr17_7675148_G>T	433.7058771874494	Weak binder
TP53_p.Thr155Asn	0.00508905852417	DSTPPPGNR	8	COSM11218	DSTPPPGNR	HLA-A*68:01	TP53_ENST00000269305_pos8_chr17_7675148_G>T	36.96576867608558	Strong binder
